id,name,salary,doj,deptno
1,Gottfried,20759,2018-07-07,10
2,Lorraine,20091,2021-05-25,12
3,Gloriane,15609,2016-12-28,14
4,David,6147,2022-03-21,12
5,Imojean,4628,2017-06-18,13
6,Merrill,15533,2016-11-20,11
7,Loise,18643,2018-12-28,10
8,Sheree,11556,2017-08-03,10
9,Trey,5418,2016-08-23,14
10,Graehme,9508,2020-02-08,11
11,Rip,10496,2020-01-22,13
12,Sarge,17964,2019-03-06,11
13,Kathy,15432,2020-06-04,13
14,Aryn,3277,2020-07-24,13
15,Hermie,24461,2020-08-06,12
16,Cherrita,17265,2016-04-17,14
17,Hazel,14885,2018-01-22,14
18,Haze,21180,2021-04-14,10
19,Sileas,11045,2020-08-03,11
20,Alida,24545,2021-06-18,13
21,Erminia,5646,2018-09-28,14
22,Bridie,20362,2018-09-01,12
23,Marketa,7222,2017-07-18,10
24,Anni,24505,2016-05-09,14
25,Abbie,13341,2017-01-21,11
26,Emmaline,12560,2016-05-29,12
27,Brook,5192,2022-07-10,10
28,Fern,23948,2020-02-26,13
29,Danyette,16104,2020-07-19,12
30,Fayette,11719,2016-08-02,12
31,Cointon,24383,2022-02-03,12
32,Ninetta,17055,2017-05-23,11
33,Wait,17996,2018-12-12,10
34,Harlie,11578,2019-07-25,14
35,Caryn,7816,2020-08-10,12
36,Kathi,14359,2017-12-28,14
37,Oona,24216,2019-11-22,13
38,Stanislas,16682,2019-10-08,12
39,Forest,2840,2021-12-26,11
40,Perri,14945,2019-08-31,10
41,Inessa,22788,2018-08-19,10
42,Helaina,24496,2021-02-24,14
43,Katlin,11232,2019-09-01,13
44,Ervin,22210,2020-08-06,11
45,Bel,16956,2016-05-14,11
46,Gilly,8912,2021-05-29,11
47,Channa,16880,2016-01-25,14
48,Urbain,23068,2016-04-13,12
49,Marna,6638,2022-04-25,10
50,Bridie,21860,2022-10-01,10
51,Dela,14306,2019-03-15,14
52,Nana,17436,2016-05-11,11
53,Lilah,2255,2017-10-06,12
54,Arel,23883,2022-04-14,12
55,Erny,10707,2020-04-13,11
56,Maryl,19724,2021-07-17,13
57,Fairleigh,22441,2021-11-04,13
58,Missy,24327,2020-10-11,13
59,Lauraine,20935,2018-07-16,11
60,Lauraine,7898,2019-10-17,11
61,Wolf,7748,2022-07-24,14
62,Martguerita,8688,2020-02-26,10
63,Ruddie,14871,2019-06-10,10
64,Clarissa,6824,2022-07-19,11
65,Vincenty,23125,2017-09-23,13
66,Arabel,23553,2019-01-21,13
67,Stacy,17495,2020-01-23,13
68,Hugues,5985,2020-01-27,14
69,Conrado,22219,2022-03-03,14
70,Delilah,14493,2020-01-22,13
71,Cob,8681,2021-09-07,10
72,Raine,12718,2016-04-13,13
73,Petronille,5145,2018-01-26,14
74,Bobbe,6720,2021-08-08,13
75,Syd,21289,2016-07-08,13
76,Tallulah,12037,2017-10-05,11
77,Lemmie,21712,2022-09-13,12
78,Nataniel,12007,2021-12-13,11
79,Gerald,23658,2018-10-03,14
80,Cort,24084,2018-03-03,13
81,Nev,3169,2018-11-06,12
82,Adrian,19648,2018-06-28,13
83,Allegra,13464,2018-03-04,13
84,Catlee,11290,2019-01-04,12
85,Dennie,16678,2022-01-13,14
86,Araldo,9611,2022-05-09,11
87,Abbi,12228,2019-11-26,14
88,Cassandre,4793,2022-02-09,11
89,Angelle,23786,2019-08-21,11
90,Emanuel,11172,2018-09-29,12
91,Kiersten,12666,2022-01-01,12
92,Matty,5132,2018-08-12,12
93,Ade,22764,2017-10-18,13
94,Else,9271,2020-12-28,11
95,Roxane,10082,2020-10-10,14
96,Ettie,8151,2017-04-30,11
97,Lindsey,4862,2019-03-10,10
98,Idaline,2734,2020-06-29,10
99,Patty,12467,2022-04-03,10
100,Trev,14097,2017-05-26,12
101,Verene,3039,2018-12-03,14
102,Gaultiero,19549,2019-12-02,12
103,Jabez,21902,2022-02-13,13
104,Dermot,12087,2019-07-19,11
105,Gare,11105,2016-06-21,12
106,Dacey,3906,2021-12-21,14
107,Christal,16358,2017-11-28,10
108,Orelee,19370,2018-07-03,11
109,Rodrique,23500,2022-06-27,11
110,Maxine,17294,2017-08-04,10
111,Hamel,9038,2016-01-12,13
112,Curr,16756,2017-04-15,13
113,Derek,6635,2018-11-15,13
114,Tildie,21216,2016-03-22,10
115,Alonso,5763,2021-11-18,10
116,Hazlett,18545,2022-08-29,10
117,Francisca,22397,2020-06-17,14
118,Ortensia,21152,2017-12-10,12
119,Philippa,23603,2016-01-10,12
120,Humberto,23545,2017-01-20,10
121,Anne,4269,2018-09-23,11
122,Conny,23749,2016-07-11,13
123,Dorotea,16334,2017-03-26,14
124,Britney,23070,2018-05-30,13
125,Findley,18305,2017-03-22,11
126,Deck,11550,2020-08-15,10
127,Heinrik,14260,2017-12-07,12
128,Valaree,19036,2017-01-10,12
129,Montgomery,14837,2017-07-13,14
130,Brod,2643,2021-02-02,12
131,Englebert,22273,2018-08-07,12
132,Daisie,7957,2018-04-29,13
133,Trumaine,10935,2019-08-01,13
134,Marga,24088,2020-10-17,14
135,Jazmin,15341,2021-09-10,14
136,Sinclare,6269,2018-04-18,14
137,Viviana,16954,2018-02-04,11
138,Pru,19900,2021-12-19,11
139,Arte,20406,2016-12-23,10
140,Horacio,16802,2016-03-10,13
141,Analiese,18484,2018-12-14,14
142,Tymothy,18172,2020-07-13,11
143,Meredithe,23421,2016-12-05,10
144,Ted,24585,2017-07-20,13
145,Drusilla,8946,2021-06-03,10
146,Sandor,15396,2016-07-03,13
147,Flss,14807,2017-01-15,13
148,Augustus,12753,2019-06-30,11
149,Jaymie,17908,2017-07-26,10
150,Kathi,23707,2016-02-24,13
151,Meg,20260,2018-06-10,10
152,Rozelle,15217,2018-08-13,10
153,Cameron,11310,2019-06-12,14
154,Francisca,14356,2017-11-27,11
155,Marve,15142,2016-07-13,12
156,Verina,8438,2018-02-26,10
157,Jody,21118,2021-02-10,11
158,Skelly,4051,2019-11-17,10
159,Kalli,3221,2016-09-10,11
160,Amabel,3204,2020-01-04,12
161,Lyndsay,10813,2017-02-03,10
162,Audrey,3065,2021-01-17,13
163,Ddene,11007,2018-11-06,12
164,Valli,3983,2019-09-24,12
165,Stephie,20965,2020-03-26,10
166,Harlan,5645,2018-11-09,10
167,Fitzgerald,22571,2018-03-24,12
168,Elonore,4526,2017-03-28,14
169,Lev,7427,2022-08-18,12
170,Cal,4405,2020-12-22,10
171,Urbain,6172,2021-06-20,14
172,Cyndy,15329,2020-05-07,12
173,Shaun,4770,2016-12-09,10
174,Rollins,10309,2022-05-11,10
175,Cordie,6107,2021-07-26,12
176,Maximilianus,9123,2022-02-06,11
177,Lilla,18039,2019-08-04,12
178,Hanson,14887,2017-03-28,11
179,Joe,11894,2020-08-03,13
180,Celestyna,12031,2018-11-05,14
181,Anita,24472,2022-01-12,10
182,Maude,18034,2022-03-28,12
183,Matteo,11505,2022-06-08,11
184,Cordy,19375,2019-09-25,10
185,Chip,21094,2021-12-05,14
186,Rahel,23093,2022-02-28,14
187,Ursuline,11693,2022-03-25,12
188,Kaleb,19809,2017-04-02,12
189,Jervis,13369,2019-03-05,10
190,Tracee,9623,2019-08-15,10
191,Percy,8552,2019-06-18,11
192,Charyl,19457,2021-09-09,13
193,Kincaid,14040,2019-12-08,11
194,Tabby,22325,2021-11-09,14
195,Margeaux,3240,2021-05-31,10
196,Lucian,18165,2019-10-20,11
197,Tiena,2763,2021-04-12,12
198,Ketty,15634,2019-08-01,10
199,Kelsey,19778,2018-07-31,13
200,Kassandra,10244,2021-07-21,10
201,Tammi,7129,2021-03-29,12
202,Cherlyn,18951,2021-01-05,13
203,Vyky,15040,2016-01-06,13
204,Florrie,13830,2020-09-12,11
205,Leeanne,3236,2021-12-23,11
206,Tadd,10457,2022-03-27,14
207,Francisca,4797,2021-05-04,14
208,Lisle,7200,2018-04-12,12
209,Ransell,13395,2021-12-21,12
210,Reeta,8840,2016-12-19,14
211,Findlay,23617,2020-10-18,12
212,Melisande,5641,2022-06-03,10
213,Marleah,22679,2020-04-19,11
214,Gib,15614,2018-05-30,11
215,Georgine,16883,2020-11-24,14
216,Marje,15625,2020-09-29,12
217,Sharai,9935,2019-05-31,10
218,Janice,18647,2022-09-12,10
219,Mordy,3402,2019-12-27,12
220,Scarface,6897,2017-04-08,13
221,Susanna,16964,2022-08-17,14
222,Romona,9477,2016-11-25,14
223,Bald,3305,2022-08-24,13
224,Stafani,14832,2021-09-06,13
225,Linus,15820,2018-01-14,13
226,Karissa,19744,2020-05-09,10
227,Inga,9444,2016-05-27,13
228,Dorisa,7499,2021-12-16,13
229,Ianthe,20470,2018-06-19,14
230,Cullie,14524,2022-09-28,13
231,Karissa,13731,2018-09-25,13
232,Jerrine,3293,2020-07-07,14
233,Lacey,17453,2021-12-08,13
234,Gerard,9993,2020-02-12,10
235,Zacharia,5225,2022-07-30,13
236,Adolphus,2856,2021-08-23,14
237,Esther,7904,2017-10-16,11
238,Olwen,2416,2020-04-12,12
239,Wilfred,19539,2021-08-12,12
240,Benji,15090,2020-07-16,11
241,Gene,16552,2022-09-24,10
242,Arther,3401,2017-10-05,10
243,Claudina,9850,2022-08-13,13
244,Penrod,3644,2018-06-14,11
245,Jonis,5742,2018-10-17,13
246,Bess,9946,2016-07-09,11
247,Nicolais,14553,2020-09-26,10
248,Marta,24528,2020-04-05,10
249,Trudey,24531,2021-04-01,12
250,Tiebout,14278,2022-07-07,11
251,Chrissy,6365,2021-12-03,14
252,Dorella,19121,2022-08-25,12
253,Alisander,18273,2019-09-01,11
254,Valli,6147,2018-08-04,10
255,Stesha,20193,2022-03-26,10
256,Lyle,12367,2022-05-28,11
257,Myriam,23012,2019-05-28,13
258,Christoph,7237,2018-07-28,11
259,Pip,15543,2021-09-20,10
260,Elora,17045,2018-12-07,14
261,Micaela,5220,2020-07-24,13
262,Jeralee,4746,2022-02-07,14
263,Madalyn,4276,2019-01-14,14
264,Rex,14057,2019-02-07,10
265,Iggie,8021,2019-08-09,14
266,Eugenio,22273,2017-01-31,12
267,Debra,12427,2019-02-18,13
268,Russ,13037,2018-05-08,13
269,Tessy,23128,2021-09-26,14
270,Viole,9778,2021-12-03,10
271,Meredith,4207,2017-04-04,12
272,Chas,15260,2021-01-26,11
273,Brocky,6781,2016-08-04,11
274,Neely,5301,2022-07-19,13
275,Jennie,10273,2020-05-31,12
276,Tobey,2331,2022-08-18,13
277,Becca,3146,2018-06-03,10
278,Breanne,19671,2022-04-02,13
279,Jenilee,11079,2018-07-01,12
280,Ario,8625,2018-03-13,13
281,Zack,14038,2019-08-04,13
282,Jennica,20460,2020-10-11,11
283,Claire,4140,2017-07-13,11
284,Julius,12224,2021-06-20,11
285,Richie,8516,2018-03-28,10
286,Analiese,17246,2017-10-20,10
287,Allison,19779,2020-05-03,11
288,Lauri,17280,2022-06-07,11
289,Anselma,23091,2017-05-27,10
290,Vicki,23101,2019-07-20,12
291,Lora,20623,2022-01-21,13
292,Cal,11901,2020-07-10,14
293,Maynord,3381,2017-03-12,14
294,Baron,7613,2021-11-12,11
295,Raynor,15601,2020-10-04,10
296,Laurie,11131,2019-01-22,12
297,Lombard,23720,2021-03-10,10
298,Blake,18265,2020-04-27,10
299,Annis,3407,2022-01-06,14
300,Arlyn,2398,2021-08-11,13
301,Papageno,8293,2019-05-15,10
302,Darcee,10172,2018-08-05,10
303,Rozina,24981,2021-11-30,12
304,Caroljean,14547,2021-05-17,12
305,Karalee,13145,2021-06-01,11
306,Alicia,21063,2019-05-22,14
307,Mikael,6028,2021-11-14,12
308,Devlin,12771,2016-07-09,14
309,Luca,4304,2017-01-27,14
310,Dannel,3005,2016-09-30,11
311,Roxana,5379,2021-12-03,12
312,Cathlene,24615,2020-09-22,11
313,Muffin,11056,2020-06-07,14
314,Anny,17222,2017-01-31,10
315,Arluene,11550,2021-04-01,10
316,Fred,17436,2016-11-06,14
317,Flemming,3137,2022-01-06,12
318,Nicolais,22667,2018-06-21,12
319,Sybila,10440,2017-10-08,11
320,Deva,15025,2016-03-23,10
321,Genni,15820,2021-06-24,10
322,Ganny,4078,2016-10-18,14
323,Vivianne,4326,2019-06-19,10
324,Stesha,20478,2022-05-02,10
325,Tim,24226,2017-09-23,14
326,Alice,24048,2017-10-18,13
327,Jeth,16056,2022-03-21,13
328,Stanfield,21306,2019-10-24,13
329,Robina,17890,2019-11-12,11
330,Hanna,10633,2016-04-02,14
331,Kaye,23146,2019-07-26,12
332,Tildie,10692,2017-05-22,14
333,Colan,14470,2017-07-22,10
334,Umberto,22506,2021-03-01,13
335,Arron,17239,2022-04-19,12
336,Bank,9468,2020-06-17,11
337,Jeannie,22331,2020-04-04,12
338,Tessie,17480,2018-01-28,13
339,Henrik,10911,2017-01-22,14
340,Maura,20613,2021-08-04,11
341,Ephraim,18376,2020-10-03,10
342,Wandis,4365,2018-01-04,12
343,Shalne,5629,2017-05-30,10
344,Nowell,12659,2017-07-03,10
345,Onida,9061,2017-01-10,11
346,Jaimie,13061,2020-10-16,11
347,Lanny,12831,2017-02-03,11
348,Golda,7426,2020-03-31,14
349,Fredericka,13551,2017-07-06,11
350,Tobie,15212,2021-08-03,11
351,Gaston,24893,2018-10-03,12
352,Kip,19490,2019-03-13,12
353,Dacie,11383,2022-05-30,13
354,Trever,9512,2016-06-22,11
355,Barb,13059,2020-07-21,11
356,Redford,2147,2016-02-01,10
357,Pieter,19138,2017-09-21,12
358,Wolfie,24417,2020-07-04,13
359,Brita,18545,2022-01-28,10
360,Kimberlyn,4129,2017-02-26,13
361,Geraldine,10748,2019-08-30,11
362,Terrell,15760,2019-02-14,11
363,Jordana,19780,2020-12-03,10
364,Bennie,3183,2018-10-28,12
365,Perle,21362,2021-06-10,11
366,Jeri,20002,2018-02-21,10
367,Lilian,18407,2022-02-02,13
368,Cheri,23167,2018-08-17,14
369,Lindsay,3153,2019-12-22,14
370,Kelci,22714,2021-08-26,12
371,Kip,22258,2022-06-01,13
372,Tammie,6959,2017-01-13,10
373,Drud,8542,2022-10-01,12
374,Tandy,15617,2018-09-03,13
375,Belicia,22858,2021-12-25,14
376,Michail,15981,2020-01-18,10
377,Daria,6233,2016-10-30,10
378,Perkin,3067,2016-03-12,10
379,Hillary,2972,2018-09-06,12
380,Hynda,12305,2019-07-24,11
381,Cinderella,4301,2017-04-27,10
382,Yorgo,19430,2020-01-31,12
383,Vi,7045,2017-02-09,12
384,Shandie,15075,2020-12-12,12
385,Dominic,7178,2021-06-18,11
386,Melinde,14891,2020-11-10,13
387,Florenza,19162,2017-06-07,14
388,Natassia,14724,2019-02-27,13
389,Muffin,23492,2017-06-01,10
390,Benji,10141,2016-07-09,10
391,Sigfrid,13931,2018-04-24,14
392,Baudoin,18654,2017-06-29,13
393,Al,7474,2019-06-19,12
394,Royal,11526,2018-04-27,10
395,Kirbie,5926,2022-03-16,11
396,Diannne,23109,2019-03-04,14
397,Annabela,5374,2016-03-01,13
398,Perl,8842,2017-11-17,13
399,Justis,19303,2021-11-29,14
400,Konstanze,5330,2017-07-24,13
401,Efrem,11917,2021-05-20,11
402,Obie,15802,2018-11-07,12
403,Arnold,13015,2016-03-01,12
404,Giorgio,23580,2016-05-28,12
405,Lorita,16790,2020-11-27,12
406,Suzanna,8284,2016-09-15,10
407,Eimile,3593,2017-04-15,12
408,Vickie,20081,2020-01-19,13
409,Korry,3935,2017-10-06,13
410,Morley,18068,2016-04-28,11
411,Hedvige,24540,2018-10-14,13
412,Meir,23450,2020-05-07,10
413,Bethany,16216,2021-02-15,10
414,Ethelin,21465,2019-10-03,12
415,Ezequiel,20924,2017-06-09,10
416,Sylas,11668,2020-12-23,13
417,Orelia,14749,2022-02-03,13
418,Desi,5734,2019-03-09,10
419,Willi,20831,2020-12-11,14
420,Stanly,6071,2019-01-12,10
421,Sansone,14249,2020-01-05,14
422,Andre,19973,2020-03-19,14
423,Delcina,23368,2016-06-20,14
424,Sibbie,13583,2019-11-19,13
425,Chlo,24095,2021-12-25,13
426,Barbee,3045,2022-09-08,10
427,Cecilius,9333,2017-09-17,14
428,Antonius,12624,2020-03-16,12
429,Fey,10858,2019-01-06,10
430,Melina,9900,2016-04-14,10
431,Gene,12626,2017-09-28,10
432,Mona,11504,2021-09-12,13
433,Bibby,4607,2018-02-04,12
434,Doloritas,16994,2019-09-11,13
435,Madelin,7272,2018-05-17,13
436,Clarabelle,9969,2019-08-14,12
437,Octavius,24146,2018-02-08,13
438,Barrett,18717,2017-05-26,14
439,Shaun,19422,2018-03-31,14
440,Nan,12575,2021-01-17,10
441,Eleanora,14657,2022-08-23,11
442,Lloyd,13151,2019-12-02,14
443,Oralie,16141,2019-10-13,12
444,Juditha,22244,2021-04-07,14
445,Ingmar,13459,2020-02-05,11
446,Sandi,6236,2020-07-29,10
447,Elwin,16992,2016-06-23,11
448,Marcella,17796,2019-05-03,13
449,Chrissie,2617,2021-12-07,12
450,Isidro,16210,2018-04-26,10
451,Shayla,17367,2021-02-22,14
452,Terrie,22635,2017-03-12,10
453,Rebecca,4540,2021-06-23,13
454,Giffy,20086,2019-07-27,11
455,Dolores,2308,2017-06-02,13
456,Camila,21230,2019-12-26,10
457,Elysha,20119,2019-04-29,14
458,Claudina,7351,2018-04-13,13
459,Lynnelle,8613,2017-01-07,14
460,Drake,11061,2022-09-18,12
461,Germayne,5878,2022-09-03,11
462,Jackqueline,19896,2019-05-04,13
463,Melody,13533,2018-12-07,12
464,Lexy,20096,2020-11-23,11
465,Danyette,12530,2018-09-13,12
466,Jo-ann,13859,2016-03-25,13
467,Fanechka,4816,2019-11-05,11
468,Inez,13736,2021-11-01,12
469,Mellisa,6237,2017-08-05,12
470,Joby,12291,2019-02-05,10
471,Rurik,18084,2018-04-24,10
472,Vinson,13461,2022-04-20,11
473,Eldridge,19820,2016-06-13,12
474,Tallie,6465,2019-11-30,14
475,Adlai,11725,2018-08-20,10
476,Delora,21429,2018-10-26,14
477,Halie,19413,2017-02-23,14
478,Perry,3590,2017-10-17,14
479,Audrye,5497,2016-04-07,12
480,Lazar,3668,2017-02-01,12
481,Hilton,8226,2016-04-06,14
482,Nelia,8564,2017-06-06,11
483,Jecho,10156,2016-11-09,10
484,Ronny,21353,2016-05-21,11
485,Audie,4296,2017-05-04,13
486,Nettie,9851,2019-11-23,12
487,Hunfredo,9409,2018-04-01,12
488,Sande,5403,2022-09-05,12
489,Efrem,19973,2021-12-01,10
490,Em,13569,2020-05-21,11
491,Keene,20835,2020-06-21,12
492,Dita,20788,2021-04-08,12
493,Carilyn,22602,2018-02-07,14
494,Alisa,7875,2018-01-10,13
495,Rosalyn,19915,2022-07-15,11
496,Pammi,11216,2017-11-29,11
497,Karlen,12455,2020-11-28,10
498,Lorene,13275,2021-04-17,13
499,Aldin,20371,2019-11-15,13
500,Emmery,16830,2021-05-15,11
501,Atalanta,24781,2021-11-07,14
502,Aloysius,23830,2016-08-23,13
503,Port,5799,2020-11-30,11
504,Minni,2775,2017-08-01,13
505,Stacie,11028,2020-10-14,14
506,Raychel,11925,2021-05-13,12
507,Neal,7096,2017-05-30,13
508,Reine,21060,2018-12-26,13
509,Hort,20025,2017-03-03,10
510,Job,12220,2019-09-19,10
511,Patty,15608,2022-07-26,13
512,Rorie,21421,2022-02-23,10
513,Staffard,21969,2022-01-02,12
514,Leeanne,20362,2020-11-08,10
515,Leland,3619,2019-12-15,14
516,Orren,18261,2021-10-30,13
517,Layney,24880,2020-04-13,12
518,Conny,3220,2019-09-30,10
519,Melisse,18187,2018-09-28,10
520,Marillin,8818,2022-08-03,13
521,Kaja,19478,2020-07-11,13
522,Sayres,7898,2016-11-23,13
523,Stafford,12282,2019-04-16,14
524,Susanetta,3950,2017-07-06,14
525,Berny,24371,2019-06-09,10
526,Worthington,21347,2020-08-18,11
527,Joli,7099,2017-06-14,11
528,Melisse,20733,2018-10-15,13
529,Phyllys,14357,2016-07-28,14
530,Devon,22545,2022-04-23,14
531,Gerrie,19996,2019-02-03,14
532,Dorri,7882,2017-04-12,10
533,Darya,6306,2020-12-24,10
534,Ashbey,23600,2021-10-30,10
535,Johan,2518,2016-09-23,12
536,Lance,12004,2018-02-03,13
537,Danella,18653,2017-06-17,12
538,Jean,21797,2022-09-12,10
539,Emmy,15693,2019-09-21,10
540,Fanni,7252,2022-05-26,12
541,Samantha,12680,2017-11-21,11
542,Kurt,14515,2021-07-30,11
543,Brigit,19500,2018-08-07,13
544,Elenore,24765,2021-12-04,11
545,Deeann,2924,2020-06-30,11
546,Ulric,19607,2018-07-18,10
547,Chev,9008,2016-09-16,12
548,Sheilakathryn,3770,2022-06-20,11
549,Maible,9562,2020-04-12,12
550,Gina,5719,2017-09-21,12
551,Shellysheldon,23784,2021-06-16,14
552,Timmy,19734,2017-08-27,12
553,Jenelle,15885,2017-04-27,13
554,Casandra,20082,2016-05-08,13
555,Codie,10104,2022-09-12,11
556,Francisco,5955,2022-01-08,10
557,Shelba,13610,2016-07-14,11
558,Beau,13168,2021-07-28,14
559,Blisse,21337,2020-10-28,10
560,Felisha,2493,2022-02-10,10
561,Babette,10883,2017-08-01,11
562,Mady,9622,2022-04-24,10
563,Reinwald,14682,2016-04-22,12
564,Peadar,18238,2022-03-14,12
565,Corrie,8757,2019-03-17,11
566,Addie,5236,2019-04-28,11
567,Karisa,5980,2021-12-30,11
568,Adda,18208,2018-11-19,14
569,Ivan,5158,2018-10-29,11
570,Kylen,12990,2017-03-13,14
571,Abby,18432,2019-06-14,11
572,Susanne,6359,2016-12-04,13
573,Dorey,3732,2021-09-03,10
574,Fielding,22568,2017-01-09,12
575,Wilhelmine,17222,2017-03-14,14
576,Stafford,8188,2019-11-08,13
577,Fern,9151,2021-01-25,13
578,Rosemonde,13440,2019-07-12,12
579,Bartholemy,20444,2020-07-20,10
580,Ignatius,4624,2017-07-31,13
581,Katharine,12792,2018-03-13,13
582,Damian,24784,2016-09-20,12
583,Calla,12313,2016-04-02,12
584,Eveleen,16688,2018-08-08,11
585,Bond,10990,2019-12-26,13
586,Svend,20390,2021-10-13,13
587,Celka,18479,2022-02-08,12
588,Rosabella,21419,2019-06-01,14
589,Durward,8815,2018-09-28,10
590,Manny,11404,2020-04-03,13
591,Aila,2293,2021-01-09,13
592,Tod,9213,2017-04-03,11
593,Benson,12348,2019-09-14,13
594,Evvie,12856,2020-12-25,13
595,Leann,19394,2020-08-14,14
596,Kennan,5942,2020-01-08,14
597,Merrili,18342,2019-12-11,12
598,Sammy,13044,2017-03-15,11
599,Keary,9129,2017-10-24,13
600,Erhard,7181,2019-01-11,11
601,Merlina,6304,2017-11-20,12
602,Durant,10518,2017-03-08,14
603,Evie,11709,2019-03-22,11
604,Morris,21336,2016-04-05,14
605,Dotti,19386,2021-02-04,14
606,Dur,7268,2017-05-21,14
607,Saudra,22024,2016-07-20,14
608,Gale,23502,2021-08-21,12
609,Ellynn,24423,2021-07-24,10
610,Howie,10370,2017-04-15,10
611,Corny,23645,2022-07-16,11
612,Dyna,23074,2021-05-07,12
613,Dinah,10169,2019-02-28,14
614,Leonid,8754,2016-03-07,11
615,Wolfie,9883,2022-09-10,12
616,Dorolice,9438,2018-04-07,12
617,Karrah,12320,2018-06-08,11
618,Loreen,14525,2020-10-24,10
619,Fidelio,15596,2021-10-23,13
620,Chrisse,7468,2019-02-12,12
621,Bert,3240,2017-10-29,11
622,Kyle,23657,2021-04-30,11
623,Celinda,8969,2022-09-05,14
624,Elvyn,16677,2016-08-08,12
625,Fletcher,20588,2018-09-25,11
626,Nealy,18250,2022-06-19,12
627,Quinn,9993,2020-08-22,12
628,Keary,4147,2016-03-04,13
629,Chloette,24572,2016-11-10,11
630,Luise,22320,2019-11-06,10
631,Ailee,11373,2019-06-06,12
632,Della,3400,2022-07-31,12
633,Gustav,18018,2020-09-21,10
634,Thomas,8598,2021-10-23,13
635,Clemence,5241,2019-02-22,13
636,Rhetta,11719,2019-05-26,13
637,Pippo,20414,2021-02-03,14
638,Glynda,3174,2021-04-25,12
639,Taite,14359,2018-07-15,10
640,Tomasine,10079,2019-01-29,10
641,Livvyy,20517,2021-02-05,13
642,Verena,9791,2017-04-07,12
643,Florry,16340,2019-04-06,12
644,Ann,17004,2018-07-31,12
645,Thorin,11615,2016-11-18,10
646,Roscoe,24365,2018-04-27,10
647,Amory,10416,2019-02-05,12
648,Paola,15532,2021-08-10,12
649,Liuka,19119,2016-05-09,14
650,Markus,21332,2017-03-07,14
651,Marten,21482,2018-04-22,11
652,Bertram,21532,2020-05-19,11
653,Jeremy,4269,2018-06-21,10
654,Caitrin,23571,2019-12-20,13
655,Rutherford,16299,2019-02-09,10
656,Iseabal,18185,2022-07-05,11
657,Jaynell,10531,2022-09-16,10
658,Tobin,8088,2020-06-01,11
659,Cyrus,16897,2018-12-20,10
660,Edna,7091,2020-12-31,14
661,Adelle,3216,2020-03-09,14
662,Ilysa,9974,2019-08-05,10
663,Ignaz,16506,2018-10-21,10
664,Riane,14179,2021-06-05,10
665,Flossie,18170,2018-12-24,10
666,Jephthah,3019,2022-10-03,13
667,Lucio,24302,2018-11-12,10
668,Zared,9286,2016-10-13,10
669,Lucas,24917,2021-06-24,13
670,Jan,4618,2016-09-12,11
671,Jordana,14308,2018-01-30,11
672,Nelson,10123,2019-01-26,10
673,Anatol,21590,2021-10-20,14
674,Evey,17175,2022-05-31,13
675,Sigrid,13557,2019-04-12,13
676,Tiebout,3485,2019-09-16,13
677,Kimberlee,24957,2018-11-14,13
678,Noby,4375,2020-08-28,11
679,Hanni,9185,2021-12-07,13
680,Brittany,22827,2018-09-22,12
681,Vania,23486,2017-04-28,14
682,Ora,22444,2021-10-18,10
683,Elyn,13401,2022-01-26,11
684,Chrisse,4691,2018-01-18,10
685,Rooney,21442,2018-11-06,14
686,Dusty,7899,2016-06-10,13
687,Jasmina,3816,2018-02-11,14
688,Berti,13675,2020-09-16,10
689,Wandie,7727,2022-06-04,13
690,Maggy,4809,2022-08-14,10
691,Evangelia,15412,2021-01-23,13
692,Emmott,19068,2018-10-20,12
693,Vanni,24564,2017-07-11,12
694,Maryl,14785,2017-03-09,14
695,Timothy,16975,2020-05-01,10
696,Minni,13839,2017-02-18,11
697,Zaria,3061,2017-10-07,14
698,Gui,4294,2021-07-24,12
699,Olav,7435,2021-02-14,12
700,Meredeth,13669,2019-06-30,10
701,Arlinda,15460,2016-07-08,14
702,Dana,10807,2016-09-27,10
703,Nev,4599,2022-06-18,11
704,Theressa,5424,2022-10-01,11
705,Paulie,9835,2020-07-27,12
706,Randene,4339,2022-02-05,10
707,Yale,7848,2017-04-07,12
708,Else,3068,2016-01-02,13
709,Shane,15588,2019-06-08,14
710,Bat,21687,2021-07-06,10
711,Baryram,19252,2020-08-28,10
712,Georges,22419,2019-01-12,10
713,Dorena,19309,2016-09-06,13
714,Sharleen,11782,2017-07-03,12
715,York,3130,2020-11-08,12
716,Lyle,5493,2022-07-16,10
717,Coralie,17805,2019-12-03,11
718,Tabbitha,19198,2020-10-05,10
719,Marne,17072,2019-04-19,10
720,Corenda,2973,2020-01-06,13
721,Elwyn,2995,2016-12-17,10
722,Arny,13127,2016-05-09,10
723,Jacquenetta,10055,2022-10-04,10
724,Vikki,20531,2018-06-18,10
725,Yves,18880,2018-07-17,11
726,Cosme,2932,2020-06-26,11
727,Serena,6554,2021-08-11,12
728,Joelie,22432,2017-08-21,14
729,Fraser,10143,2019-03-29,10
730,Hanson,15351,2018-09-04,11
731,Frank,22039,2016-10-23,14
732,Laurie,9660,2018-10-17,10
733,Hale,14061,2016-04-16,13
734,Janith,17627,2016-08-21,10
735,Gerhardine,9851,2019-11-02,14
736,Meagan,5831,2021-10-17,10
737,Burnaby,5726,2022-06-26,14
738,Simonne,6827,2017-06-13,11
739,Annice,4710,2021-11-09,11
740,Rodina,5483,2022-04-06,12
741,Fin,12809,2017-12-28,11
742,Haley,6631,2016-06-29,10
743,Kinny,11446,2018-07-07,10
744,Nelly,2976,2016-03-02,10
745,Elinor,15126,2016-07-08,11
746,Wenonah,18580,2020-04-02,10
747,Aleda,2298,2021-12-13,13
748,Jillene,15667,2016-12-24,14
749,Lela,22043,2017-03-21,13
750,Darius,21968,2021-12-12,14
751,Janos,14057,2021-06-02,13
752,Viv,3957,2018-06-13,11
753,Fidel,22154,2022-02-16,14
754,Gretta,23981,2017-04-17,11
755,Natty,8699,2021-07-24,11
756,Laurianne,24546,2016-11-26,12
757,Yoshi,20704,2018-11-05,10
758,Sibylla,13990,2017-10-20,14
759,Mathias,16409,2019-04-10,11
760,Daveen,14679,2018-05-30,14
761,Skylar,6440,2018-12-18,14
762,Inga,5199,2021-11-18,11
763,Saundra,16288,2016-09-28,12
764,Cathlene,9301,2017-05-06,14
765,Daron,24144,2022-08-02,11
766,Avram,16667,2022-02-11,13
767,Berry,23079,2018-05-27,12
768,Rina,10748,2020-05-29,11
769,Clari,20529,2018-05-09,12
770,Catlaina,22461,2021-10-05,13
771,Boony,13827,2017-01-13,12
772,Torey,21761,2021-06-13,14
773,Moria,23111,2017-04-18,11
774,Fairlie,16280,2018-04-25,13
775,Ramsay,24983,2021-07-28,10
776,Julina,22563,2021-05-28,13
777,Culver,10540,2018-05-19,12
778,Findlay,20784,2016-11-30,13
779,Kalila,11981,2018-01-17,12
780,Renell,23188,2020-11-19,12
781,Emmanuel,12684,2020-01-13,13
782,Carlota,12373,2017-06-27,12
783,Evanne,10379,2017-04-30,12
784,Phedra,17617,2018-01-25,12
785,Eleanore,11738,2019-05-25,13
786,Gerhard,24868,2017-03-09,10
787,Amerigo,10608,2017-08-14,14
788,Gates,22811,2019-03-27,12
789,Cora,15695,2020-01-03,13
790,Gabrila,24438,2018-05-21,14
791,Babita,20994,2016-08-03,11
792,Clarita,13884,2021-12-26,13
793,Riva,2850,2016-05-25,12
794,Richmond,15095,2022-04-03,14
795,Warren,24161,2021-10-09,11
796,Anthea,4159,2016-09-04,12
797,Des,17575,2017-06-11,11
798,Aridatha,10136,2021-04-24,12
799,Elberta,7428,2017-03-30,10
800,Kendall,2930,2016-11-04,10
801,Mercedes,5381,2018-04-30,12
802,Antin,4574,2021-09-20,14
803,Clark,6705,2021-09-08,12
804,Yehudi,8282,2016-05-05,14
805,Nanice,8897,2019-10-17,13
806,Blinnie,3718,2017-05-03,12
807,Kathie,8087,2019-07-30,11
808,Agnella,4464,2018-11-08,10
809,Carlin,24451,2016-10-03,11
810,Farrah,2232,2018-06-05,10
811,Letitia,24598,2018-05-21,12
812,Johanna,7980,2019-07-22,14
813,Nicol,9291,2018-03-21,10
814,Leshia,17306,2021-01-23,13
815,Jone,20224,2019-02-22,12
816,Blithe,24382,2016-02-02,14
817,Julietta,24682,2018-09-29,11
818,Dasya,3253,2019-11-14,14
819,Phaedra,7082,2020-04-10,14
820,Maggie,19907,2022-07-02,10
821,Anitra,4524,2019-12-01,10
822,Francklin,11571,2019-01-20,10
823,Joelie,7991,2018-10-22,13
824,Delcine,10745,2018-03-19,14
825,Othello,5345,2020-03-24,10
826,Kylila,16720,2019-03-23,14
827,Gayelord,18554,2018-11-06,11
828,Chryste,10915,2018-10-23,12
829,Goran,3684,2017-09-25,14
830,Mignonne,22386,2019-07-05,12
831,Ev,16294,2016-06-18,11
832,Normy,22456,2016-06-01,13
833,Richart,2519,2016-10-28,13
834,Renado,5977,2020-06-23,12
835,Lin,8316,2017-05-23,12
836,Osmond,3088,2018-11-06,14
837,Barbee,24586,2017-06-25,12
838,Shelley,8700,2017-04-08,12
839,Josy,20426,2016-09-10,13
840,Ardys,15561,2018-10-03,13
841,Elsie,6040,2017-09-15,12
842,Alvina,23948,2016-07-08,12
843,Brucie,10425,2021-09-25,12
844,Cleopatra,3164,2021-01-08,11
845,Imogene,11032,2017-07-09,12
846,Charley,12864,2019-08-02,13
847,Quinta,22529,2016-07-12,10
848,Hadley,6444,2017-12-01,11
849,Keith,5448,2019-10-21,11
850,Doy,3870,2018-04-12,14
851,Ame,7289,2017-11-08,13
852,Camey,4880,2016-01-24,13
853,Josias,13144,2021-03-11,11
854,Laina,5109,2018-04-24,11
855,Fawn,12276,2019-08-09,14
856,Denice,20680,2017-09-22,12
857,Pieter,4915,2020-06-15,10
858,Abner,23326,2022-01-19,14
859,Gino,20056,2016-06-19,12
860,Aeriell,6328,2021-01-23,10
861,Stephie,11880,2022-01-28,12
862,Rudd,22764,2018-10-12,14
863,Ebba,8179,2016-07-17,12
864,Gibbie,20278,2018-10-09,11
865,Sherm,23398,2016-01-13,11
866,Allister,21717,2020-08-24,14
867,Tatiana,9726,2022-09-15,11
868,Hunfredo,23519,2018-12-21,10
869,Cortney,21399,2021-03-02,10
870,Delmore,13364,2018-01-02,10
871,Clark,16844,2018-02-04,11
872,Wells,8902,2016-04-27,11
873,Pate,17660,2022-06-09,11
874,Earl,7078,2018-10-05,10
875,Marcy,11447,2016-03-02,13
876,Thor,14443,2019-06-06,13
877,Guido,16910,2021-01-15,14
878,Shirline,21657,2021-04-16,13
879,Dory,12888,2021-05-29,11
880,Benjamen,22778,2017-03-09,14
881,Daniela,24270,2016-02-25,11
882,Esma,4767,2018-07-18,11
883,Lucky,22013,2020-07-31,13
884,Brodie,10159,2022-09-09,11
885,Jean,21067,2020-06-10,12
886,Roldan,23502,2016-01-04,11
887,Tabb,17462,2018-02-15,14
888,Lainey,23419,2016-02-21,10
889,Leoine,22379,2017-04-29,11
890,Tally,11478,2019-08-17,10
891,Ardella,6311,2017-01-15,10
892,Lilias,24812,2017-04-17,13
893,Izaak,23061,2020-10-30,10
894,Lon,15412,2021-06-13,13
895,Nelly,15300,2020-04-10,13
896,Welsh,5792,2017-09-18,14
897,Abbi,4437,2022-08-23,10
898,Currey,16479,2017-08-17,11
899,Hildagard,7774,2016-07-24,11
900,Rickie,3251,2016-09-27,12
901,Elvin,13591,2018-10-09,10
902,Izabel,4232,2018-05-06,11
903,Rachelle,17521,2022-07-26,11
904,Pen,12080,2017-07-25,10
905,Alisa,18288,2021-03-05,10
906,Dre,5890,2021-10-20,13
907,Elna,17835,2022-09-20,10
908,Sharron,10786,2018-03-12,13
909,Ruthanne,18883,2018-04-23,10
910,Nick,17626,2016-09-16,13
911,Gwyneth,16454,2020-06-10,11
912,Zedekiah,19449,2018-01-04,11
913,Chic,7671,2020-02-07,14
914,Colby,21353,2022-07-20,13
915,Delia,15609,2021-05-22,14
916,Whitby,10362,2019-05-31,11
917,Hortense,18606,2022-08-21,12
918,Alfredo,18710,2016-06-02,10
919,Elliot,22416,2022-08-28,11
920,Melantha,18080,2022-05-19,12
921,Leandra,9233,2020-07-06,10
922,Kenyon,6724,2021-10-23,12
923,Philomena,24688,2021-02-26,12
924,Prent,5822,2018-04-19,10
925,Goran,10236,2020-05-12,11
926,Roldan,10542,2016-01-06,10
927,Lenette,19377,2020-02-14,12
928,Junina,19999,2022-02-17,11
929,Lezlie,17374,2017-01-15,14
930,Valma,3333,2016-06-19,13
931,Lyndy,18907,2022-02-24,11
932,Stephanus,4032,2021-01-01,13
933,Luisa,17040,2022-04-20,10
934,Fanni,19982,2019-05-17,11
935,Layton,12576,2017-02-03,13
936,Meaghan,10118,2018-02-03,14
937,Lacey,11079,2016-12-12,13
938,Tandi,20018,2020-09-13,14
939,Frederigo,4642,2017-04-25,13
940,Terri,18809,2018-03-01,12
941,Estele,23352,2021-03-28,11
942,Ulrica,23247,2016-06-06,11
943,Sylas,17433,2022-08-11,12
944,Sven,15440,2022-08-12,11
945,Pearle,15636,2016-10-14,14
946,Kellie,7933,2020-10-02,10
947,Laureen,22388,2017-06-03,13
948,Clemmie,2468,2021-09-01,12
949,Muffin,21255,2017-12-17,10
950,Valentino,22060,2020-11-20,14
951,Jocko,5904,2022-03-09,10
952,Hattie,11449,2018-09-30,13
953,Norina,23120,2022-09-18,10
954,Robinett,15431,2017-04-05,13
955,Denny,21316,2016-12-04,14
956,Sigvard,8082,2019-06-03,12
957,Asia,6604,2018-08-22,12
958,Thorstein,11695,2019-06-15,12
959,Norbie,24748,2017-03-27,10
960,Kinny,18136,2021-07-11,12
961,Guendolen,24582,2017-12-10,10
962,Maisey,11970,2016-03-22,12
963,Cyrillus,6756,2022-09-24,11
964,Verla,22455,2016-06-30,10
965,Frayda,19329,2020-10-28,12
966,Kent,20804,2017-09-29,14
967,Oralla,7149,2018-02-06,12
968,Damaris,21629,2021-02-12,12
969,Stirling,5926,2016-08-11,11
970,Hillery,18621,2017-01-18,11
971,Chas,23908,2016-01-19,13
972,Bobbie,20448,2020-03-25,11
973,Devina,24789,2019-01-17,13
974,Hewe,4591,2019-05-01,13
975,Willette,9888,2016-12-05,10
976,Teri,11184,2021-11-14,14
977,Gill,13558,2017-08-29,13
978,Annemarie,14334,2016-01-07,14
979,Fairlie,15461,2017-09-02,10
980,Florida,10102,2016-04-28,12
981,Gwenora,8595,2018-03-22,14
982,Kennie,9314,2020-04-22,11
983,Lisle,20280,2018-05-24,11
984,Lanie,22908,2020-04-10,10
985,Mady,16088,2019-01-22,13
986,Nigel,23994,2019-10-10,11
987,Winne,6072,2018-05-05,10
988,Neill,4932,2019-06-23,12
989,Arabella,12766,2016-05-23,14
990,Abigail,12818,2019-02-04,13
991,Timothee,10062,2018-11-25,11
992,Wrennie,10499,2019-03-24,10
993,Nerta,6928,2020-01-06,14
994,Zedekiah,4864,2017-04-04,11
995,Matty,17885,2021-10-15,13
996,Kessia,7781,2018-03-21,11
997,Augie,7187,2016-12-31,12
998,Katinka,21610,2019-04-18,13
999,Lynn,12389,2021-04-30,14
1000,Holli,4693,2018-11-24,11